-- phpMyAdmin SQL Dump
-- version 5.1.0
-- https://www.phpmyadmin.net/
--
-- Servidor: localhost
-- Tiempo de generación: 01-06-2021 a las 10:22:01
-- Versión del servidor: 10.5.9-MariaDB-1:10.5.9+maria~bionic
-- Versión de PHP: 7.4.16

SET SQL_MODE = "NO_AUTO_VALUE_ON_ZERO";
START TRANSACTION;
SET time_zone = "+00:00";


/*!40101 SET @OLD_CHARACTER_SET_CLIENT=@@CHARACTER_SET_CLIENT */;
/*!40101 SET @OLD_CHARACTER_SET_RESULTS=@@CHARACTER_SET_RESULTS */;
/*!40101 SET @OLD_COLLATION_CONNECTION=@@COLLATION_CONNECTION */;
/*!40101 SET NAMES utf8mb4 */;

--
-- Base de datos: `Diego_siconac`
--
CREATE DATABASE IF NOT EXISTS `Diego_siconac` DEFAULT CHARACTER SET utf8 COLLATE utf8_general_ci;
USE `Diego_siconac`;

-- --------------------------------------------------------

--
-- Estructura de tabla para la tabla `cards`
--

CREATE TABLE `cards` (
  `cards_id` int(7) NOT NULL,
  `cards_date` timestamp NOT NULL DEFAULT current_timestamp(),
  `cards_number` varchar(50) NOT NULL,
  `cards_assigned` tinyint(1) NOT NULL DEFAULT 0,
  `cards_id_admi_property` int(10) NOT NULL
) ENGINE=InnoDB DEFAULT CHARSET=utf8;

--
-- Volcado de datos para la tabla `cards`
--

INSERT INTO `cards` (`cards_id`, `cards_date`, `cards_number`, `cards_assigned`, `cards_id_admi_property`) VALUES
(1, '2019-06-23 22:26:35', '227100172213', 1, 7),
(2, '2019-06-29 19:07:27', '701503418', 0, 7),
(3, '2019-06-29 19:07:55', '1821174418', 1, 7),
(4, '2019-06-29 19:08:24', '1234567890', 1, 7),
(5, '2021-04-09 01:37:09', '87235465', 1, 7),
(6, '2021-04-09 01:40:38', '481', 1, 7),
(7, '2021-04-09 01:53:16', '658753423253', 1, 7),
(8, '2021-04-09 01:54:28', '0987654321', 1, 7),
(9, '2021-04-09 01:57:11', '88888', 1, 7),
(10, '2021-04-09 01:59:56', '54433343454', 1, 7),
(11, '2021-04-09 02:08:12', '123456765421', 1, 7),
(12, '2021-04-09 02:11:13', '09809843253534', 1, 7),
(13, '2021-04-09 02:13:23', '765765765765', 1, 7),
(14, '2021-04-09 02:17:28', '1065915514', 1, 7),
(15, '2021-04-09 02:19:24', '106591551409', 1, 7),
(16, '2021-04-09 02:31:23', '66666666666666', 1, 7),
(17, '2021-04-09 02:32:08', '7655665566565', 1, 7),
(18, '2021-04-09 02:40:11', '123865545', 1, 7),
(19, '2021-04-09 02:50:18', '7777777777777777', 1, 7),
(20, '2021-04-09 02:51:02', '0000000000000000000000000', 1, 7),
(21, '2021-04-09 02:58:42', '3333333333333333333333333', 1, 7),
(22, '2021-04-09 03:01:56', '1111111111111111111111111', 1, 7),
(23, '2021-04-09 03:03:10', '0101010101010100000100101', 1, 7),
(24, '2021-04-09 03:05:58', '3333333333333333333333333', 1, 7),
(25, '2021-04-09 03:06:28', '5555555555555555555555555', 1, 7),
(26, '2021-04-09 03:08:24', '9999999999999999999999999', 1, 7),
(27, '2021-04-09 03:29:06', '3333333333332222222222222', 1, 7),
(28, '2021-04-09 03:30:12', '1065913297', 0, 7),
(29, '2021-04-09 03:37:27', '8787878787878787878787878', 1, 7),
(30, '2021-04-09 03:42:29', '0909090909090909090909090', 1, 7),
(31, '2021-04-09 03:47:40', '9766557656656644644444666', 1, 7),
(32, '2021-04-09 04:00:08', '09090990990090', 1, 7),
(33, '2021-04-09 05:16:14', '121212121212', 0, 7),
(34, '2021-04-09 05:21:09', '080808080808080808080808', 1, 7),
(35, '2021-04-09 05:24:42', '4554544545544545454545454', 1, 7),
(36, '2021-04-09 05:26:46', '515115511515515115', 0, 7),
(37, '2021-04-09 05:31:15', '0101010111111000011110000', 0, 7),
(38, '2021-04-09 05:33:20', '106591551444', 0, 7),
(39, '2021-04-09 05:35:26', '03030303030030303', 0, 7),
(40, '2021-04-09 14:11:49', '767675757589', 0, 7),
(41, '2021-04-09 14:12:28', '67676576567756767', 0, 7),
(42, '2021-04-15 03:29:26', '4324234234324353454545454', 1, 7),
(43, '2021-04-19 22:51:46', '4353114455', 0, 7),
(44, '2021-04-19 22:53:18', '98765432', 1, 7),
(45, '2021-04-21 23:19:29', '1234', 0, 7),
(46, '2021-05-17 22:27:27', '917662152', 1, 7),
(47, '2021-05-18 04:38:38', '24016620726', 1, 7),
(48, '2021-05-18 04:54:22', '1551115021', 1, 7),
(49, '2021-05-26 22:20:29', '7890890798789', 1, 7),
(50, '2021-05-28 03:24:36', '2421117832', 1, 7),
(51, '2021-05-29 14:06:29', '1233333', 0, 7),
(52, '2021-05-29 14:10:00', '123333', 1, 7),
(53, '2021-05-29 14:10:19', '122222', 1, 7),
(54, '2021-05-29 14:10:35', '43631234', 1, 7),
(55, '2021-05-31 03:20:52', '1233', 1, 7),
(56, '2021-05-31 03:21:10', '3223121', 1, 7);

-- --------------------------------------------------------

--
-- Estructura de tabla para la tabla `chat`
--

CREATE TABLE `chat` (
  `chat_id_mensaje` int(10) NOT NULL,
  `chat_id_remitente` int(10) NOT NULL,
  `chat_id_receptor` int(10) NOT NULL,
  `chat_asunto` varchar(100) NOT NULL,
  `chat_cuerpomensaje` varchar(1000) NOT NULL,
  `chat_horaenvio` timestamp NOT NULL DEFAULT current_timestamp(),
  `chat_tag` int(1) NOT NULL,
  `chat_leido` tinyint(1) NOT NULL DEFAULT 0
) ENGINE=InnoDB DEFAULT CHARSET=utf8;

--
-- Volcado de datos para la tabla `chat`
--

INSERT INTO `chat` (`chat_id_mensaje`, `chat_id_remitente`, `chat_id_receptor`, `chat_asunto`, `chat_cuerpomensaje`, `chat_horaenvio`, `chat_tag`, `chat_leido`) VALUES
(1, 7, 57, 'cfvghnjkm', 'cgvhbjnkm', '2021-03-29 18:41:26', 1, 0),
(2, 7, 78, 'cfvghnjkm', 'cgvhbjnkm', '2021-03-29 18:41:26', 1, 0),
(3, 7, 81, 'cfvghnjkm', 'cgvhbjnkm', '2021-03-29 18:41:26', 1, 0),
(4, 7, 57, 'rdctvgbhn', '<p>fcgvhbjndfghjk</p><p>dcfgvhj<font color=\"#000000\" style=\"background-color: rgb(255, 255, 0);\">nkmfcgvhj</font></p><p><font color=\"#000000\" style=\"background-color: rgb(255, 255, 0);\">fvgbhnjm</font></p>', '2021-03-29 18:52:24', 1, 0),
(5, 7, 59, 'rdctvgbhn', '<p>fcgvhbjndfghjk</p><p>dcfgvhj<font color=\"#000000\" style=\"background-color: rgb(255, 255, 0);\">nkmfcgvhj</font></p><p><font color=\"#000000\" style=\"background-color: rgb(255, 255, 0);\">fvgbhnjm</font></p>', '2021-03-29 18:52:24', 1, 0),
(6, 7, 77, 'rdctvgbhn', '<p>fcgvhbjndfghjk</p><p>dcfgvhj<font color=\"#000000\" style=\"background-color: rgb(255, 255, 0);\">nkmfcgvhj</font></p><p><font color=\"#000000\" style=\"background-color: rgb(255, 255, 0);\">fvgbhnjm</font></p>', '2021-03-29 18:52:24', 1, 1),
(7, 7, 78, 'rdctvgbhn', '<p>fcgvhbjndfghjk</p><p>dcfgvhj<font color=\"#000000\" style=\"background-color: rgb(255, 255, 0);\">nkmfcgvhj</font></p><p><font color=\"#000000\" style=\"background-color: rgb(255, 255, 0);\">fvgbhnjm</font></p>', '2021-03-29 18:52:24', 1, 0),
(8, 7, 79, 'rdctvgbhn', '<p>fcgvhbjndfghjk</p><p>dcfgvhj<font color=\"#000000\" style=\"background-color: rgb(255, 255, 0);\">nkmfcgvhj</font></p><p><font color=\"#000000\" style=\"background-color: rgb(255, 255, 0);\">fvgbhnjm</font></p>', '2021-03-29 18:52:24', 1, 0),
(9, 7, 81, 'rdctvgbhn', '<p>fcgvhbjndfghjk</p><p>dcfgvhj<font color=\"#000000\" style=\"background-color: rgb(255, 255, 0);\">nkmfcgvhj</font></p><p><font color=\"#000000\" style=\"background-color: rgb(255, 255, 0);\">fvgbhnjm</font></p>', '2021-03-29 18:52:24', 1, 1),
(10, 7, 57, 'Hola xD', 'Hola wapitos los amo', '2021-03-29 19:14:22', 1, 0),
(11, 7, 77, 'Hola xD', 'Hola wapitos los amo', '2021-03-29 19:14:23', 1, 1),
(12, 7, 59, 'Hermosos  Todos', 'Juanchito Eres Precisoso', '2021-03-29 19:16:06', 1, 0),
(13, 7, 81, 'Hermosos  Todos', 'Juanchito Eres Precisoso', '2021-03-29 19:16:06', 1, 0),
(14, 7, 59, 'Hermosos  Todos', 'Juanchito Eres Precisoso', '2021-03-29 19:16:38', 1, 0),
(15, 7, 81, 'Hermosos  Todos', 'Juanchito Eres Precisoso', '2021-03-29 19:16:38', 1, 0),
(16, 7, 78, 'Mis Monitores Fav', 'Hola Chiquitines de mi amorsh', '2021-03-29 19:19:01', 2, 0),
(17, 7, 79, 'Mis Monitores Fav', 'Hola Chiquitines de mi amorsh', '2021-03-29 19:19:01', 2, 0),
(18, 7, 81, 'Mis Monitores Fav', 'Hola Chiquitines de mi amorsh', '2021-03-29 19:19:01', 2, 0),
(19, 7, 82, 'Cómo estas', 'Que está pasando weon xD\n                    ', '2021-04-16 21:47:55', 3, 0),
(20, 7, 77, 'suspencion', 'todos suspendidos mañana', '2021-04-19 23:02:55', 1, 1),
(21, 7, 79, 'suspencion', 'todos suspendidos mañana', '2021-04-19 23:02:55', 1, 0),
(22, 7, 81, 'suspencion', 'todos suspendidos mañana', '2021-04-19 23:02:56', 1, 0),
(23, 7, 82, 'suspencion', 'todos suspendidos mañana', '2021-04-19 23:02:56', 1, 0),
(24, 7, 85, 'suspencion', 'todos suspendidos mañana', '2021-04-19 23:02:56', 1, 0),
(25, 7, 79, 'kjnjhybgvfd', 'nnbyhgrfdc', '2021-04-19 23:03:50', 2, 0),
(26, 7, 81, 'ratas todso', 'echados hps', '2021-04-19 23:05:12', 3, 0),
(27, 7, 77, 'kjlkj', '<p><font color=\"#000000\" style=\"background-color: rgb(0, 255, 255);\">rfjfygyg</font></p><p><br></p>', '2021-04-19 23:07:14', 3, 1),
(28, 7, 79, 'kjlkj', '<p><font color=\"#000000\" style=\"background-color: rgb(0, 255, 255);\">rfjfygyg</font></p><p><br></p>', '2021-04-19 23:07:14', 3, 0),
(29, 7, 81, 'kjlkj', '<p><font color=\"#000000\" style=\"background-color: rgb(0, 255, 255);\">rfjfygyg</font></p><p><br></p>', '2021-04-19 23:07:14', 3, 0),
(30, 7, 82, 'kjlkj', '<p><font color=\"#000000\" style=\"background-color: rgb(0, 255, 255);\">rfjfygyg</font></p><p><br></p>', '2021-04-19 23:07:14', 3, 0),
(31, 7, 85, 'kjlkj', '<p><font color=\"#000000\" style=\"background-color: rgb(0, 255, 255);\">rfjfygyg</font></p><p><br></p>', '2021-04-19 23:07:15', 3, 0),
(32, 7, 77, 'echada del trabajito', 'despedida', '2021-05-09 16:44:06', 1, 1),
(33, 7, 77, 'Lanzamiento De Plan Piloto', 'Buenas Noches Monitora Naia<br><br>La presente es para informar que usted es la mejor monitora de este establecimiento te amamos mucho', '2021-05-10 03:31:51', 2, 1),
(34, 7, 81, 'a', ':)', '2021-05-11 03:25:58', 2, 0),
(35, 7, 92, 'as', ':(', '2021-05-11 03:50:19', 2, 1),
(36, 7, 77, 'anafer', '\n                    ', '2021-05-31 04:32:04', 1, 1),
(37, 7, 79, 'anafer', '\n                    ', '2021-05-31 04:32:04', 1, 0),
(38, 7, 81, 'anafer', '\n                    ', '2021-05-31 04:32:04', 1, 0),
(39, 7, 82, 'anafer', '\n                    ', '2021-05-31 04:32:04', 1, 0),
(40, 7, 87, 'anafer', '\n                    ', '2021-05-31 04:32:04', 1, 0),
(41, 7, 88, 'anafer', '\n                    ', '2021-05-31 04:32:04', 1, 0),
(42, 7, 89, 'anafer', '\n                    ', '2021-05-31 04:32:04', 1, 0),
(43, 7, 90, 'anafer', '\n                    ', '2021-05-31 04:32:04', 1, 0),
(44, 7, 92, 'anafer', '\n                    ', '2021-05-31 04:32:04', 1, 0),
(45, 7, 93, 'anafer', '\n                    ', '2021-05-31 04:32:04', 1, 0),
(46, 7, 102, 'ana', '\n                    ', '2021-05-31 04:32:23', 2, 0),
(47, 7, 81, 'ana', '\n                    ', '2021-05-31 04:32:23', 2, 0),
(48, 7, 79, 'ana', '\n                    ', '2021-05-31 04:32:23', 2, 0),
(49, 7, 88, 'ana', '\n                    ', '2021-05-31 04:32:23', 2, 0),
(50, 7, 89, 'ana', '\n                    ', '2021-05-31 04:32:23', 2, 0),
(51, 7, 97, 'ana', '\n                    ', '2021-05-31 04:32:23', 2, 0),
(52, 7, 92, 'ana', '\n                    ', '2021-05-31 04:32:23', 2, 0),
(53, 7, 105, 'ana', '\n                    ', '2021-05-31 04:32:23', 2, 0),
(54, 7, 104, 'ana', '\n                    ', '2021-05-31 04:32:23', 2, 0),
(55, 7, 94, 'ana', '\n                    ', '2021-05-31 04:32:23', 2, 0),
(56, 7, 77, 'd', '\n                    ', '2021-05-31 04:32:42', 1, 1),
(57, 7, 77, 'Portal para mantenimiento', 'Buenas tardes, el dia de mañana vas a estar echada del trabajo', '2021-05-31 15:09:55', 1, 1);

-- --------------------------------------------------------

--
-- Estructura de tabla para la tabla `clientes`
--

CREATE TABLE `clientes` (
  `client_id` int(7) NOT NULL,
  `client_date` timestamp NOT NULL DEFAULT current_timestamp(),
  `client_identificacion` int(11) NOT NULL,
  `client_name` varchar(50) NOT NULL,
  `client_card_id` int(7) NOT NULL,
  `client_id_admi_property` int(7) NOT NULL,
  `client_status` int(1) NOT NULL DEFAULT 1
) ENGINE=InnoDB DEFAULT CHARSET=utf8;

--
-- Volcado de datos para la tabla `clientes`
--

INSERT INTO `clientes` (`client_id`, `client_date`, `client_identificacion`, `client_name`, `client_card_id`, `client_id_admi_property`, `client_status`) VALUES
(2, '2019-06-23 22:30:14', 1065913526, 'Pedro', 54, 7, 1),
(3, '2019-06-29 19:10:18', 1065913297, 'Gabriel', 3, 7, 1),
(469, '2021-03-24 17:21:35', 765463543, 'naia', 32, 7, 1),
(470, '2021-03-24 17:25:48', 764553554, 'julian xdxs', 55, 7, 1),
(471, '2021-03-24 17:27:14', 118960662, 'DOMINGUEZ ROYERO ALVEN DAVID\r', 48, 7, 1),
(472, '2021-03-24 17:27:14', 109116518, 'FRANCO GAMEZ ANA FERNANDA\r', 46, 7, 1),
(473, '2021-03-24 17:27:14', 115223528, 'GOMEZ SERRANO ARNULFO \r', 30, 7, 1),
(474, '2021-03-24 17:27:14', 111520352, 'CHAVARRO LOBO CRISTIHAN RONALDO\r', 44, 7, 1),
(475, '2021-03-24 17:27:15', 114820375, 'ESTRADA PAYARES DIEGO ANDRES\r', 47, 7, 1),
(477, '2021-03-24 17:27:15', 116348118, 'SANCHEZ RODRIGUEZ ELIAS FERNANDO\r', 53, 7, 1),
(478, '2021-03-24 17:27:15', 118448123, 'RIVERA AYALA EMERSON \r', 56, 7, 1),
(479, '2021-03-24 17:27:16', 1087022063, 'GALVIS RODRIGUEZ ERMES JULIAN', 0, 7, 1),
(480, '2021-03-24 17:27:16', 109553576, 'GAMBOA SANJUAN GINNA MARCELITA', 0, 7, 1),
(481, '2021-03-24 17:27:16', 119107972, 'RODRIGUEZ BALLESTEROS GLEYDER FABIAN\r', 0, 7, 1),
(482, '2021-03-24 17:27:16', 115439077, 'LLAIN TRIGOS GLORIBETH \r', 0, 7, 1),
(483, '2021-03-24 17:27:16', 111346029, 'ZAMBRANO VEGA JAIME LEONARDO \r', 0, 7, 1),
(485, '2021-03-24 17:27:17', 112544765, 'HERRERA DUARTE KALET JHOAN\r', 0, 7, 1),
(486, '2021-03-24 17:27:17', 110017663, 'MENESES CARPIO Kevin ANDRES', 0, 7, 1),
(487, '2021-03-24 17:27:17', 109176736, 'RODRIGUEZ LEON LAURA JINETH \r', 0, 7, 1),
(489, '2021-03-24 17:27:18', 109009075, 'RAMOS LOPEZ MIGUEL Ramis', 0, 7, 1),
(490, '2021-03-24 17:27:18', 118973004, 'OTERO ORTEGA NELSON JUNIOR\r', 0, 7, 1),
(491, '2021-03-24 17:27:18', 109798309, 'PAYARES MORALES NEYDER FELIPE\r', 0, 7, 1),
(492, '2021-03-24 17:27:18', 117091947, 'LOPEZ ROMERO ROQUE ANDRES \r', 0, 7, 1),
(493, '2021-03-24 17:27:19', 109057394, 'TARAZONA BELTRAN WILMER FERNEYO', 31, 7, 1),
(494, '2021-03-27 03:25:28', 1065911231, 'Peter Manjarez El Cantante', 0, 7, 1),
(497, '2021-05-25 19:42:47', 654545, 'Pancho Emilio Estrada Franco', 50, 7, 1),
(498, '2021-05-26 22:19:44', 123412212, 'GUERRERO SUMALAVE DIDIER FERNANDO', 49, 7, 1),
(499, '2021-05-28 03:40:40', 456364544, 'juanchito pereza martines', 0, 7, 1),
(500, '2021-05-29 14:01:19', 123455643, 'j marina franco', 52, 7, 1);

-- --------------------------------------------------------

--
-- Estructura Stand-in para la vista `ClientesConTargetasActiva`
-- (Véase abajo para la vista actual)
--
CREATE TABLE `ClientesConTargetasActiva` (
`client_id` int(7)
,`client_name` varchar(50)
,`cards_number` varchar(50)
,`client_card_id` int(7)
,`cards_assigned` tinyint(1)
,`client_status` int(1)
,`cards_id_admi_property` int(10)
);

-- --------------------------------------------------------

--
-- Estructura de tabla para la tabla `Datos_Institucionales`
--

CREATE TABLE `Datos_Institucionales` (
  `id` int(10) NOT NULL,
  `Datos_id_admi_pro` int(10) NOT NULL,
  `Datos_Nombre` varchar(60) NOT NULL,
  `Datos_Foto` varchar(100) NOT NULL
) ENGINE=InnoDB DEFAULT CHARSET=utf8;

--
-- Volcado de datos para la tabla `Datos_Institucionales`
--

INSERT INTO `Datos_Institucionales` (`id`, `Datos_id_admi_pro`, `Datos_Nombre`, `Datos_Foto`) VALUES
(1, 7, 'Universidad Popular Del Cesar Seccional Aguachica.', '../archivos/Institucion/logoupc.png');

-- --------------------------------------------------------

--
-- Estructura Stand-in para la vista `datos_traffico`
-- (Véase abajo para la vista actual)
--
CREATE TABLE `datos_traffico` (
`traffic_date` timestamp
,`devices_id` int(7) unsigned
,`devices_alias` varchar(50)
,`client_id` int(7)
,`client_name` varchar(50)
,`client_identificacion` int(11)
,`traffic_devices_user_id` int(10)
,`traffic_responsable` int(1)
);

-- --------------------------------------------------------

--
-- Estructura de tabla para la tabla `devices`
--

CREATE TABLE `devices` (
  `devices_id` int(7) UNSIGNED NOT NULL,
  `devices_date` timestamp NULL DEFAULT current_timestamp(),
  `devices_alias` varchar(50) DEFAULT NULL,
  `devices_serie` varchar(50) DEFAULT NULL,
  `devices_user_id` int(7) DEFAULT NULL
) ENGINE=InnoDB DEFAULT CHARSET=utf8;

--
-- Volcado de datos para la tabla `devices`
--

INSERT INTO `devices` (`devices_id`, `devices_date`, `devices_alias`, `devices_serie`, `devices_user_id`) VALUES
(8, '2019-06-11 23:48:56', 'Lab Redes.', '45678652', 7),
(41, '2021-03-21 03:08:19', 'Sala Quimica', '6666667677', 7),
(44, '2021-03-21 03:35:48', 'Salon De Juntas', '4567865', 7),
(45, '2021-03-21 03:50:17', 'Salon De Docentes', '4567865', 7),
(48, '2021-04-09 18:30:09', 'Registro Y Control', '8464753757', 7),
(49, '2021-04-09 18:37:33', 'Casa Diego', '87674353423', 7),
(50, '2021-04-09 18:40:23', 'Sala Quimica', '3457655665', 7),
(52, '2021-04-19 22:48:33', 'lab. ana', '12345', 7);

-- --------------------------------------------------------

--
-- Estructura Stand-in para la vista `InfoChat`
-- (Véase abajo para la vista actual)
--
CREATE TABLE `InfoChat` (
`chat_id_remitente` int(10)
,`users_nombre` varchar(50)
,`chat_id_receptor` int(10)
,`Expr_1` varchar(50)
,`chat_id_mensaje` int(10)
,`chat_asunto` varchar(100)
,`chat_cuerpomensaje` varchar(1000)
,`chat_horaenvio` timestamp
,`chat_tag` int(1)
,`chat_leido` tinyint(1)
);

-- --------------------------------------------------------

--
-- Estructura de tabla para la tabla `mqtt_acl`
--

CREATE TABLE `mqtt_acl` (
  `id` int(11) UNSIGNED NOT NULL,
  `allow` int(1) DEFAULT 1 COMMENT '0: deny, 1: allow',
  `ipaddr` varchar(60) DEFAULT NULL COMMENT 'IpAddress',
  `username` varchar(100) DEFAULT NULL COMMENT 'Username',
  `clientid` varchar(100) DEFAULT NULL COMMENT 'ClientId',
  `access` int(2) NOT NULL COMMENT '1: subscribe, 2: publish, 3: pubsub',
  `topic` varchar(100) NOT NULL DEFAULT '' COMMENT 'Topic Filter'
) ENGINE=InnoDB DEFAULT CHARSET=utf8mb4;

--
-- Volcado de datos para la tabla `mqtt_acl`
--

INSERT INTO `mqtt_acl` (`id`, `allow`, `ipaddr`, `username`, `clientid`, `access`, `topic`) VALUES
(1, 0, NULL, '$all', NULL, 1, '$SYS/#'),
(2, 1, '10.59.1.100', NULL, NULL, 1, '$SYS/#'),
(3, 0, NULL, '$all', NULL, 1, '/smarthome/+/temperature'),
(4, 1, NULL, '$all', NULL, 1, '/smarthome/%c/temperature');

-- --------------------------------------------------------

--
-- Estructura de tabla para la tabla `mqtt_user`
--

CREATE TABLE `mqtt_user` (
  `id` int(11) UNSIGNED NOT NULL,
  `username` varchar(100) DEFAULT NULL,
  `password` varchar(100) DEFAULT NULL,
  `salt` varchar(35) DEFAULT NULL,
  `is_superuser` tinyint(1) DEFAULT 0,
  `created` datetime DEFAULT NULL
) ENGINE=InnoDB DEFAULT CHARSET=utf8mb4;

--
-- Volcado de datos para la tabla `mqtt_user`
--

INSERT INTO `mqtt_user` (`id`, `username`, `password`, `salt`, `is_superuser`, `created`) VALUES
(2, 'web_client', '121212', NULL, 0, NULL);

-- --------------------------------------------------------

--
-- Estructura Stand-in para la vista `PortalesDelMonitor`
-- (Véase abajo para la vista actual)
--
CREATE TABLE `PortalesDelMonitor` (
`users_nombre` varchar(50)
,`devices_alias` varchar(50)
,`devices_serie` varchar(50)
,`devices_id` int(7) unsigned
,`users_email` varchar(60)
,`users_foto` varchar(50)
,`users_idproperty` int(1)
,`users_id` int(7)
);

-- --------------------------------------------------------

--
-- Estructura de tabla para la tabla `r_monitors_portals`
--

CREATE TABLE `r_monitors_portals` (
  `mp_id_mp` int(10) NOT NULL,
  `mp_id_admi` int(10) NOT NULL,
  `mp_id_monitors` int(10) NOT NULL,
  `mp_id_portal` int(10) NOT NULL
) ENGINE=InnoDB DEFAULT CHARSET=utf8;

--
-- Volcado de datos para la tabla `r_monitors_portals`
--

INSERT INTO `r_monitors_portals` (`mp_id_mp`, `mp_id_admi`, `mp_id_monitors`, `mp_id_portal`) VALUES
(41, 7, 58, 44),
(42, 7, 56, 45),
(43, 7, 58, 8),
(66, 7, 59, 8),
(78, 7, 78, 50),
(119, 7, 77, 41),
(122, 7, 83, 49),
(125, 7, 81, 8),
(128, 7, 82, 41),
(133, 7, 92, 48),
(136, 7, 92, 49),
(137, 7, 77, 49),
(138, 7, 99, 8);

-- --------------------------------------------------------

--
-- Estructura de tabla para la tabla `traffic`
--

CREATE TABLE `traffic` (
  `traffic_id` int(7) NOT NULL,
  `traffic_date` timestamp NOT NULL DEFAULT current_timestamp(),
  `traffic_client_id` int(7) NOT NULL,
  `traffic_devices_id` int(10) NOT NULL,
  `traffic_devices_user_id` int(10) NOT NULL,
  `traffic_responsable` int(1) NOT NULL DEFAULT 0
) ENGINE=InnoDB DEFAULT CHARSET=utf8;

--
-- Volcado de datos para la tabla `traffic`
--

INSERT INTO `traffic` (`traffic_id`, `traffic_date`, `traffic_client_id`, `traffic_devices_id`, `traffic_devices_user_id`, `traffic_responsable`) VALUES
(1, '2020-06-30 16:23:40', 475, 8, 7, 0),
(2, '2019-07-31 17:36:57', 2, 8, 7, 0),
(3, '2019-06-30 17:37:13', 2, 8, 7, 0),
(4, '2019-06-30 17:37:13', 2, 8, 7, 0),
(5, '2019-06-30 17:37:26', 2, 8, 7, 0),
(6, '2019-06-30 17:37:26', 2, 8, 7, 0),
(7, '2020-06-30 16:23:40', 475, 49, 7, 0),
(8, '2021-04-17 14:13:31', 1, 8, 7, 0),
(9, '2021-04-17 14:13:31', 1, 8, 7, 0),
(10, '2021-04-17 14:13:31', 1, 8, 7, 0),
(11, '2021-04-17 14:13:31', 1, 8, 7, 0),
(12, '2019-06-30 19:18:55', 2, 8, 7, 0),
(13, '2021-04-17 14:13:31', 1, 8, 7, 0),
(14, '2021-04-17 14:13:31', 1, 8, 7, 0),
(15, '2021-04-17 14:13:31', 1, 8, 7, 0),
(16, '2021-04-17 14:13:31', 1, 8, 7, 0),
(17, '2021-04-17 14:13:31', 1, 8, 7, 0),
(18, '2021-04-17 14:13:31', 1, 8, 7, 0),
(19, '2021-04-17 14:13:31', 1, 8, 7, 0),
(20, '2021-04-17 14:13:31', 1, 8, 7, 0),
(21, '2021-04-17 14:13:31', 1, 8, 7, 0),
(22, '2021-04-17 14:13:31', 1, 8, 7, 0),
(23, '2021-04-17 14:13:31', 1, 8, 7, 0),
(24, '2021-04-17 14:13:31', 1, 49, 7, 0),
(25, '2021-04-17 14:13:31', 1, 8, 7, 0),
(26, '2021-04-17 14:13:31', 1, 8, 7, 0),
(27, '2021-04-17 14:13:31', 1, 8, 7, 0),
(28, '2020-06-30 16:23:40', 475, 8, 7, 0),
(29, '2019-06-30 21:26:09', 2, 8, 7, 0),
(30, '2021-04-17 14:13:31', 1, 8, 7, 0),
(31, '2021-04-17 14:13:31', 1, 8, 7, 0),
(32, '2021-04-17 14:13:31', 1, 8, 7, 0),
(33, '2019-06-30 21:26:57', 2, 8, 7, 0),
(34, '2019-06-30 21:29:24', 2, 8, 7, 0),
(35, '2019-06-30 21:33:36', 2, 8, 7, 0),
(36, '2019-06-30 21:33:48', 2, 8, 7, 0),
(37, '2019-06-30 21:33:55', 2, 8, 7, 0),
(38, '2020-06-30 16:23:40', 475, 49, 7, 0),
(39, '2019-06-30 21:40:36', 2, 8, 7, 0),
(40, '2021-04-17 14:13:31', 1, 8, 7, 0),
(41, '2021-04-17 14:13:31', 1, 8, 7, 0),
(42, '2019-06-30 22:37:19', 3, 8, 7, 0),
(43, '2019-06-30 22:38:03', 3, 8, 7, 0),
(44, '2019-06-30 23:06:35', 2, 8, 7, 0),
(45, '2019-06-30 23:07:21', 2, 8, 7, 0),
(46, '2019-06-30 23:07:31', 2, 49, 7, 0),
(47, '2019-06-30 23:07:38', 2, 8, 7, 0),
(48, '2021-04-17 14:13:31', 1, 8, 7, 0),
(49, '2019-06-30 23:47:50', 2, 8, 7, 0),
(50, '2020-06-30 16:23:40', 475, 8, 7, 0),
(51, '2019-06-30 23:54:47', 2, 8, 7, 0),
(52, '2019-06-30 23:57:44', 2, 8, 7, 0),
(53, '2020-06-30 16:23:40', 475, 8, 7, 0),
(54, '2021-04-17 14:13:31', 1, 49, 7, 0),
(55, '2021-05-02 05:42:26', 472, 49, 7, 0),
(56, '2021-05-02 05:42:58', 2, 49, 7, 0),
(57, '2021-05-02 05:50:01', 471, 49, 7, 0),
(58, '2021-05-02 05:50:30', 472, 41, 7, 0),
(59, '2021-05-02 05:51:03', 473, 49, 7, 0),
(60, '2021-05-02 05:51:33', 474, 41, 7, 0),
(61, '2021-05-02 05:53:15', 493, 49, 7, 0),
(62, '2021-05-02 05:53:32', 471, 41, 7, 0),
(63, '2021-05-02 05:56:35', 3, 41, 7, 0),
(64, '2021-05-02 05:56:42', 469, 41, 7, 0),
(65, '2021-05-02 05:56:50', 473, 41, 7, 0),
(66, '2021-05-02 05:56:57', 474, 41, 7, 0),
(67, '2021-05-02 06:18:21', 469, 49, 7, 0),
(68, '2021-05-02 06:18:27', 474, 49, 7, 0),
(69, '2021-05-02 06:18:32', 493, 49, 7, 0),
(70, '2021-05-02 06:18:41', 472, 41, 7, 0),
(71, '2021-05-02 06:18:45', 3, 41, 7, 0),
(72, '2021-05-06 16:01:00', 471, 49, 7, 0),
(73, '2021-05-11 03:28:40', 493, 41, 7, 0),
(74, '2021-05-11 16:35:26', 472, 45, 7, 0),
(75, '2021-05-11 16:36:00', 472, 45, 7, 0),
(76, '2021-05-11 16:36:11', 472, 45, 7, 0),
(77, '2021-05-11 16:36:16', 472, 45, 7, 0),
(78, '2021-05-11 16:36:23', 472, 45, 7, 0),
(79, '2021-05-11 16:36:40', 472, 45, 7, 0),
(90, '2021-05-12 03:39:27', 471, 52, 7, 88),
(91, '2021-05-12 03:39:27', 471, 52, 7, 88),
(92, '2021-05-12 03:47:58', 470, 52, 7, 88),
(93, '2021-05-12 03:47:58', 470, 52, 7, 88),
(94, '2021-05-12 03:50:14', 470, 52, 7, 88),
(95, '2021-05-12 03:50:14', 470, 52, 7, 88),
(96, '2021-05-12 03:56:57', 470, 52, 7, 88),
(97, '2021-05-12 03:58:51', 472, 8, 7, 82),
(98, '2021-05-12 05:08:51', 493, 41, 7, 88),
(99, '2021-05-12 06:52:31', 472, 41, 7, 77),
(100, '2021-05-12 06:53:12', 493, 41, 7, 77),
(101, '2021-05-12 06:55:25', 473, 49, 7, 77),
(102, '2021-05-12 07:03:07', 472, 41, 7, 77),
(103, '2021-05-12 07:03:32', 493, 49, 7, 77),
(104, '2021-05-12 07:15:50', 474, 49, 7, 77),
(105, '2021-05-12 23:40:10', 473, 49, 7, 77),
(106, '2021-05-12 23:50:39', 493, 41, 7, 77),
(107, '2021-05-13 00:54:34', 473, 49, 7, 77),
(108, '2021-05-13 05:36:44', 474, 41, 7, 77),
(109, '2021-05-16 22:12:33', 471, 49, 7, 77),
(110, '2021-05-17 22:27:50', 472, 49, 7, 0),
(111, '2021-05-17 23:15:23', 472, 49, 7, 0),
(112, '2021-05-17 23:17:40', 472, 49, 7, 0),
(113, '2021-05-17 23:48:07', 472, 49, 7, 0),
(114, '2021-05-18 02:49:43', 472, 49, 7, 0),
(115, '2021-05-18 03:40:25', 472, 49, 7, 0),
(116, '2021-05-18 04:25:53', 472, 49, 7, 0),
(117, '2021-05-18 04:26:11', 472, 49, 7, 0),
(118, '2021-05-18 04:28:43', 472, 49, 7, 0),
(119, '2021-05-18 04:30:13', 472, 49, 7, 0),
(120, '2021-05-18 04:36:30', 472, 49, 7, 0),
(121, '2021-05-18 04:36:50', 472, 49, 7, 0),
(122, '2021-05-18 04:38:16', 472, 49, 7, 0),
(123, '2021-05-18 04:38:51', 475, 49, 7, 0),
(124, '2021-05-18 04:40:31', 475, 49, 7, 0),
(125, '2021-05-18 04:50:51', 475, 49, 7, 0),
(126, '2021-05-18 04:53:09', 475, 49, 7, 0),
(127, '2021-05-18 04:54:38', 471, 49, 7, 0),
(128, '2021-05-18 05:00:20', 475, 49, 7, 0),
(129, '2021-05-18 05:00:29', 472, 49, 7, 0),
(130, '2021-05-18 05:00:37', 471, 49, 7, 0),
(131, '2021-05-18 05:05:40', 472, 49, 7, 0),
(132, '2021-05-18 05:13:57', 475, 49, 7, 0),
(133, '2021-05-18 05:15:33', 472, 49, 7, 0),
(134, '2021-05-18 05:16:16', 475, 49, 7, 0),
(135, '2021-05-18 05:25:49', 471, 49, 7, 0),
(136, '2021-05-18 05:26:55', 471, 49, 7, 0),
(137, '2021-05-18 05:31:23', 472, 49, 7, 0),
(138, '2021-05-18 05:35:29', 474, 41, 7, 77),
(139, '2021-05-18 05:36:22', 473, 41, 7, 77),
(140, '2021-05-18 05:38:12', 475, 49, 7, 0),
(141, '2021-05-18 05:43:58', 469, 41, 7, 77),
(142, '2021-05-18 05:47:20', 493, 49, 7, 77),
(143, '2021-05-18 05:48:07', 3, 49, 7, 77),
(144, '2021-05-19 01:51:57', 472, 49, 7, 0),
(145, '2021-05-19 01:52:21', 472, 49, 7, 0),
(146, '2021-05-19 02:24:39', 472, 49, 7, 0),
(147, '2021-05-19 02:26:22', 472, 49, 7, 0),
(148, '2021-05-19 03:48:19', 472, 49, 7, 0),
(149, '2021-05-19 03:48:38', 472, 49, 7, 0),
(150, '2021-05-20 05:20:14', 472, 49, 7, 0),
(151, '2021-05-20 05:21:27', 471, 49, 7, 0),
(152, '2021-05-20 05:22:03', 472, 49, 7, 0),
(153, '2021-05-20 05:22:31', 475, 49, 7, 0),
(154, '2021-05-20 05:22:48', 471, 49, 7, 0),
(155, '2021-05-20 05:24:10', 471, 49, 7, 0),
(156, '2021-05-20 05:24:36', 472, 49, 7, 0),
(157, '2021-05-20 05:24:43', 475, 49, 7, 0),
(158, '2021-05-20 05:26:13', 475, 49, 7, 0),
(159, '2021-05-20 05:27:21', 475, 49, 7, 0),
(160, '2021-05-20 05:27:56', 472, 49, 7, 0),
(161, '2021-05-20 05:28:11', 472, 49, 7, 0),
(162, '2021-05-20 05:29:48', 473, 49, 7, 77),
(163, '2021-05-20 05:30:08', 473, 49, 7, 77),
(164, '2021-05-20 05:30:24', 475, 49, 7, 77),
(165, '2021-05-20 05:30:37', 493, 49, 7, 77),
(166, '2021-05-20 05:30:49', 471, 49, 7, 0),
(167, '2021-05-20 05:31:06', 471, 49, 7, 0),
(168, '2021-05-20 05:31:38', 472, 49, 7, 0),
(169, '2021-05-20 05:35:37', 472, 49, 7, 0),
(170, '2021-05-20 05:53:39', 475, 49, 7, 0),
(171, '2021-05-20 05:55:16', 472, 49, 7, 0),
(172, '2021-05-20 05:56:48', 472, 49, 7, 0),
(173, '2021-05-20 05:59:44', 472, 49, 7, 0),
(174, '2021-05-20 06:02:38', 475, 49, 7, 0),
(175, '2021-05-20 06:02:55', 471, 49, 7, 0),
(176, '2021-05-20 06:03:19', 471, 49, 7, 0),
(177, '2021-05-20 06:04:19', 475, 49, 7, 0),
(178, '2021-05-20 06:12:33', 475, 49, 7, 0),
(179, '2021-05-20 06:13:28', 475, 49, 7, 0),
(180, '2021-05-20 06:13:41', 475, 49, 7, 0),
(181, '2021-05-20 06:13:54', 475, 49, 7, 0),
(182, '2021-05-20 06:14:29', 472, 49, 7, 0),
(183, '2021-05-20 06:14:42', 471, 49, 7, 0),
(184, '2021-05-20 06:14:52', 472, 49, 7, 0),
(185, '2021-05-20 06:15:09', 475, 49, 7, 0),
(186, '2021-05-20 06:15:29', 471, 49, 7, 0),
(187, '2021-05-20 06:21:05', 471, 49, 7, 0),
(188, '2021-05-20 06:22:29', 471, 49, 7, 0),
(189, '2021-05-20 06:23:07', 472, 49, 7, 0),
(190, '2021-05-20 06:26:05', 472, 49, 7, 0),
(191, '2021-05-20 06:26:16', 472, 49, 7, 0),
(192, '2021-05-20 06:26:48', 472, 49, 7, 0),
(193, '2021-05-20 06:27:24', 471, 49, 7, 0),
(194, '2021-05-20 06:27:35', 472, 49, 7, 0),
(195, '2021-05-20 06:29:08', 475, 49, 7, 0),
(196, '2021-05-20 06:29:17', 472, 49, 7, 0),
(197, '2021-05-20 06:29:24', 472, 49, 7, 0),
(198, '2021-05-20 06:29:32', 475, 49, 7, 0),
(199, '2021-05-20 06:31:00', 472, 49, 7, 0),
(200, '2021-05-20 06:31:16', 472, 49, 7, 0),
(201, '2021-05-20 06:31:25', 475, 49, 7, 0),
(202, '2021-05-20 06:33:20', 472, 49, 7, 0),
(203, '2021-05-20 06:33:31', 475, 49, 7, 0),
(204, '2021-05-20 06:36:19', 475, 49, 7, 0),
(205, '2021-05-20 06:37:41', 475, 49, 7, 0),
(206, '2021-05-20 06:37:51', 475, 49, 7, 0),
(207, '2021-05-20 06:39:39', 475, 49, 7, 0),
(208, '2021-05-20 06:39:49', 475, 49, 7, 0),
(209, '2021-05-20 06:45:02', 475, 49, 7, 0),
(210, '2021-05-20 06:50:00', 475, 49, 7, 0),
(211, '2021-05-20 06:50:15', 475, 49, 7, 0),
(212, '2021-05-20 06:50:35', 475, 49, 7, 0),
(213, '2021-05-20 06:50:51', 475, 49, 7, 0),
(214, '2021-05-20 06:51:03', 475, 49, 7, 0),
(215, '2021-05-20 06:51:45', 472, 49, 7, 0),
(216, '2021-05-20 06:52:30', 471, 49, 7, 0),
(217, '2021-05-20 06:52:50', 493, 49, 7, 77),
(218, '2021-05-20 06:53:36', 472, 49, 7, 0),
(219, '2021-05-20 06:55:30', 472, 49, 7, 0),
(220, '2021-05-20 06:56:14', 475, 49, 7, 0),
(221, '2021-05-20 06:56:39', 474, 49, 7, 77),
(222, '2021-05-20 06:58:23', 471, 49, 7, 0),
(223, '2021-05-20 06:58:32', 475, 49, 7, 0),
(224, '2021-05-20 06:58:54', 475, 49, 7, 0),
(225, '2021-05-20 21:58:18', 472, 49, 7, 0),
(226, '2021-05-20 21:58:39', 475, 49, 7, 0),
(227, '2021-05-20 21:59:08', 471, 49, 7, 0),
(228, '2021-05-20 21:59:20', 471, 49, 7, 0),
(229, '2021-05-20 21:59:22', 471, 49, 7, 0),
(230, '2021-05-20 22:01:49', 475, 49, 7, 0),
(231, '2021-05-20 22:10:46', 475, 49, 7, 0),
(232, '2021-05-20 22:11:48', 475, 49, 7, 0),
(233, '2021-05-20 22:12:05', 475, 49, 7, 0),
(234, '2021-05-20 22:12:32', 472, 49, 7, 0),
(235, '2021-05-20 22:13:18', 472, 49, 7, 0),
(236, '2021-05-20 22:20:21', 475, 49, 7, 0),
(237, '2021-05-20 22:22:02', 472, 49, 7, 0),
(238, '2021-05-20 22:22:18', 475, 49, 7, 0),
(239, '2021-05-21 05:04:43', 475, 49, 7, 0),
(240, '2021-05-21 05:05:04', 472, 49, 7, 0),
(241, '2021-05-21 05:05:32', 471, 49, 7, 0),
(242, '2021-05-21 05:06:05', 472, 49, 7, 0),
(243, '2021-05-21 05:06:16', 473, 49, 7, 77),
(244, '2021-05-21 05:06:52', 475, 49, 7, 0),
(245, '2021-05-25 03:24:54', 475, 49, 7, 0),
(246, '2021-05-25 03:25:36', 475, 49, 7, 0),
(247, '2021-05-25 03:34:12', 472, 49, 7, 0),
(248, '2021-05-25 03:36:59', 475, 49, 7, 0),
(249, '2021-05-25 03:37:57', 475, 49, 7, 0),
(250, '2021-05-25 03:38:13', 475, 49, 7, 0),
(251, '2021-05-25 03:38:42', 475, 49, 7, 0),
(252, '2021-05-25 03:44:35', 472, 49, 7, 0),
(253, '2021-05-25 03:45:04', 472, 49, 7, 0),
(254, '2021-05-25 03:45:59', 472, 49, 7, 0),
(255, '2021-05-25 03:46:10', 475, 49, 7, 0),
(256, '2021-05-25 03:46:31', 471, 49, 7, 0),
(257, '2021-05-25 03:47:48', 474, 49, 7, 77),
(258, '2021-05-25 03:48:05', 493, 49, 7, 77),
(259, '2021-05-25 03:49:31', 472, 49, 7, 0),
(260, '2021-05-25 03:50:19', 472, 49, 7, 0),
(261, '2021-05-25 03:50:47', 472, 49, 7, 0),
(262, '2021-05-25 03:51:50', 473, 49, 7, 77),
(263, '2021-05-25 03:54:57', 469, 49, 7, 77),
(264, '2021-05-25 03:55:24', 3, 49, 7, 77),
(265, '2021-05-25 03:55:55', 2, 49, 7, 77),
(266, '2021-05-25 04:04:17', 473, 49, 7, 77),
(267, '2021-05-25 19:34:28', 472, 49, 7, 0),
(268, '2021-05-25 19:34:48', 475, 49, 7, 0),
(269, '2021-05-25 19:35:12', 471, 49, 7, 0),
(270, '2021-05-25 19:36:49', 471, 49, 7, 77),
(271, '2021-05-25 19:37:23', 475, 49, 7, 77),
(272, '2021-05-25 19:40:23', 471, 49, 7, 0),
(273, '2021-05-25 19:41:22', 475, 49, 7, 0),
(274, '2021-05-25 19:48:42', 472, 49, 7, 0),
(275, '2021-05-25 19:50:06', 475, 49, 7, 0),
(276, '2021-05-25 19:50:48', 472, 49, 7, 0),
(277, '2021-05-25 19:51:20', 475, 49, 7, 0),
(278, '2021-05-25 19:51:37', 471, 49, 7, 0),
(279, '2021-05-25 19:53:26', 472, 49, 7, 0),
(280, '2021-05-25 19:53:34', 475, 49, 7, 0),
(281, '2021-05-25 19:53:41', 472, 49, 7, 0),
(282, '2021-05-25 20:03:11', 472, 49, 7, 0),
(283, '2021-05-25 20:05:35', 475, 49, 7, 0),
(284, '2021-05-25 20:06:27', 475, 49, 7, 0),
(285, '2021-05-25 20:44:18', 472, 49, 7, 0),
(286, '2021-05-25 20:45:25', 475, 49, 7, 0),
(287, '2021-05-25 20:46:03', 471, 49, 7, 0),
(288, '2021-05-25 20:47:08', 471, 49, 7, 0),
(289, '2021-05-25 20:48:22', 471, 49, 7, 0),
(290, '2021-05-25 20:48:41', 475, 49, 7, 0),
(291, '2021-05-26 03:50:22', 472, 49, 7, 0),
(292, '2021-05-26 03:50:42', 475, 49, 7, 0),
(293, '2021-05-26 03:51:08', 472, 49, 7, 0),
(294, '2021-05-26 03:51:16', 472, 49, 7, 0),
(295, '2021-05-26 03:51:42', 472, 49, 7, 0),
(296, '2021-05-26 03:51:53', 472, 49, 7, 0),
(297, '2021-05-26 03:53:16', 471, 49, 7, 0),
(298, '2021-05-26 03:54:04', 472, 49, 7, 0),
(299, '2021-05-26 03:54:32', 472, 49, 7, 0),
(300, '2021-05-26 03:59:22', 471, 49, 7, 0),
(301, '2021-05-26 04:02:42', 475, 49, 7, 0),
(302, '2021-05-26 04:03:02', 475, 49, 7, 0),
(303, '2021-05-26 04:05:40', 471, 49, 7, 0),
(304, '2021-05-26 04:05:57', 472, 49, 7, 0),
(305, '2021-05-26 04:06:11', 475, 49, 7, 0),
(306, '2021-05-26 04:08:33', 493, 49, 7, 77),
(307, '2021-05-26 04:09:32', 473, 49, 7, 77),
(308, '2021-05-26 04:09:44', 469, 49, 7, 77),
(309, '2021-05-26 04:10:56', 475, 49, 7, 0),
(310, '2021-05-26 04:11:46', 472, 49, 7, 0),
(311, '2021-05-26 04:12:17', 472, 49, 7, 0),
(312, '2021-05-26 20:51:21', 472, 49, 7, 0),
(313, '2021-05-26 20:51:34', 475, 49, 7, 0),
(314, '2021-05-26 20:51:45', 471, 49, 7, 0),
(315, '2021-05-26 20:52:02', 475, 49, 7, 0),
(316, '2021-05-26 20:52:09', 472, 49, 7, 0),
(317, '2021-05-26 20:52:26', 471, 49, 7, 0),
(318, '2021-05-26 20:52:34', 472, 49, 7, 0),
(319, '2021-05-26 20:53:07', 472, 49, 7, 0),
(320, '2021-05-26 20:53:21', 472, 49, 7, 0),
(321, '2021-05-26 20:53:28', 475, 49, 7, 0),
(322, '2021-05-26 20:53:41', 471, 49, 7, 0),
(323, '2021-05-26 20:56:09', 475, 49, 7, 0),
(324, '2021-05-26 20:56:17', 472, 49, 7, 0),
(325, '2021-05-26 20:56:28', 471, 49, 7, 0),
(326, '2021-05-26 20:56:47', 472, 49, 7, 0),
(327, '2021-05-26 20:56:58', 475, 49, 7, 0),
(328, '2021-05-26 20:57:51', 472, 49, 7, 0),
(329, '2021-05-26 20:58:02', 471, 49, 7, 0),
(330, '2021-05-26 20:58:49', 472, 49, 7, 0),
(331, '2021-05-26 20:58:57', 475, 49, 7, 0),
(332, '2021-05-26 20:59:12', 475, 49, 7, 0),
(333, '2021-05-26 21:00:38', 472, 49, 7, 0),
(334, '2021-05-26 21:03:23', 471, 49, 7, 0),
(335, '2021-05-26 21:06:36', 475, 49, 7, 0),
(336, '2021-05-26 21:06:55', 475, 49, 7, 0),
(337, '2021-05-26 21:09:14', 475, 49, 7, 0),
(338, '2021-05-26 21:10:07', 475, 49, 7, 0),
(339, '2021-05-26 21:12:15', 475, 49, 7, 0),
(340, '2021-05-26 21:12:29', 475, 49, 7, 0),
(341, '2021-05-26 21:12:36', 475, 49, 7, 0),
(342, '2021-05-26 21:12:44', 472, 49, 7, 0),
(343, '2021-05-26 21:12:51', 472, 49, 7, 0),
(344, '2021-05-26 21:13:04', 472, 49, 7, 0),
(345, '2021-05-26 21:13:16', 475, 49, 7, 0),
(346, '2021-05-26 21:15:57', 472, 49, 7, 0),
(347, '2021-05-26 21:16:06', 472, 49, 7, 0),
(348, '2021-05-26 21:16:20', 472, 49, 7, 0),
(349, '2021-05-26 21:16:30', 475, 49, 7, 0),
(350, '2021-05-26 21:21:44', 472, 49, 7, 0),
(351, '2021-05-26 21:21:55', 475, 49, 7, 0),
(352, '2021-05-26 21:22:19', 472, 49, 7, 0),
(353, '2021-05-26 21:26:57', 475, 49, 7, 0),
(354, '2021-05-26 21:27:09', 472, 49, 7, 0),
(355, '2021-05-26 21:28:31', 472, 49, 7, 0),
(356, '2021-05-26 21:30:01', 475, 49, 7, 0),
(357, '2021-05-26 21:30:13', 472, 49, 7, 0),
(358, '2021-05-26 21:30:29', 472, 49, 7, 0),
(359, '2021-05-26 21:31:18', 472, 49, 7, 0),
(360, '2021-05-26 21:31:31', 472, 49, 7, 0),
(361, '2021-05-26 21:31:48', 475, 49, 7, 0),
(362, '2021-05-26 21:31:58', 475, 49, 7, 0),
(363, '2021-05-26 21:32:47', 475, 49, 7, 0),
(364, '2021-05-26 21:33:48', 472, 49, 7, 0),
(365, '2021-05-26 21:33:56', 475, 49, 7, 0),
(366, '2021-05-26 21:34:09', 475, 49, 7, 0),
(367, '2021-05-26 21:34:40', 472, 49, 7, 0),
(368, '2021-05-26 21:43:55', 472, 49, 7, 0),
(369, '2021-05-26 21:44:05', 475, 49, 7, 0),
(370, '2021-05-26 21:44:14', 475, 49, 7, 0),
(371, '2021-05-26 22:03:15', 472, 49, 7, 0),
(372, '2021-05-26 22:03:24', 475, 49, 7, 0),
(373, '2021-05-26 22:10:07', 475, 49, 7, 0),
(374, '2021-05-26 22:10:26', 475, 49, 7, 0),
(375, '2021-05-26 22:12:58', 472, 49, 7, 0),
(376, '2021-05-26 22:13:08', 475, 49, 7, 0),
(377, '2021-05-26 22:13:35', 471, 49, 7, 0),
(378, '2021-05-26 22:13:49', 475, 49, 7, 0),
(379, '2021-05-26 22:16:16', 474, 49, 7, 77),
(380, '2021-05-26 22:16:26', 474, 49, 7, 77),
(381, '2021-05-26 22:16:36', 493, 49, 7, 77),
(382, '2021-05-26 22:16:41', 493, 49, 7, 77),
(383, '2021-05-26 22:20:59', 498, 49, 7, 77),
(384, '2021-05-26 22:21:09', 498, 49, 7, 77),
(385, '2021-05-26 22:22:06', 498, 49, 7, 77),
(386, '2021-05-26 22:22:12', 498, 49, 7, 77),
(387, '2021-05-26 22:22:23', 473, 49, 7, 77),
(388, '2021-05-26 22:22:27', 473, 49, 7, 77),
(389, '2021-05-26 22:22:38', 475, 49, 7, 77),
(390, '2021-05-26 22:24:13', 475, 49, 7, 77),
(391, '2021-05-26 22:24:16', 475, 49, 7, 77),
(392, '2021-05-26 22:24:17', 475, 49, 7, 77),
(393, '2021-05-26 22:24:18', 475, 49, 7, 77),
(394, '2021-05-26 22:24:18', 475, 49, 7, 77),
(395, '2021-05-26 22:24:31', 472, 49, 7, 0),
(396, '2021-05-26 22:26:58', 472, 49, 7, 0),
(397, '2021-05-26 22:27:06', 475, 49, 7, 0),
(398, '2021-05-26 22:27:56', 474, 49, 7, 77),
(399, '2021-05-26 22:28:41', 475, 49, 7, 0),
(400, '2021-05-26 22:30:12', 475, 49, 7, 0),
(401, '2021-05-26 22:30:22', 472, 49, 7, 0),
(402, '2021-05-26 22:30:32', 475, 49, 7, 0),
(403, '2021-05-26 22:31:41', 475, 49, 7, 0),
(404, '2021-05-26 22:32:28', 475, 49, 7, 0),
(405, '2021-05-26 22:32:38', 475, 49, 7, 0),
(406, '2021-05-26 22:33:48', 475, 49, 7, 0),
(407, '2021-05-26 22:48:11', 472, 49, 7, 0),
(408, '2021-05-26 22:50:15', 475, 49, 7, 0),
(409, '2021-05-26 23:07:00', 475, 49, 7, 0),
(410, '2021-05-26 23:08:58', 471, 49, 7, 0),
(411, '2021-05-26 23:22:03', 475, 49, 7, 0),
(412, '2021-05-26 23:22:30', 475, 49, 7, 0),
(413, '2021-05-26 23:22:39', 472, 49, 7, 0),
(414, '2021-05-26 23:22:49', 472, 49, 7, 0),
(415, '2021-05-26 23:23:01', 474, 49, 7, 77),
(416, '2021-05-26 23:23:15', 498, 49, 7, 77),
(417, '2021-05-26 23:23:49', 498, 49, 7, 77),
(418, '2021-05-26 23:24:03', 474, 49, 7, 77),
(419, '2021-05-26 23:24:10', 474, 49, 7, 77),
(420, '2021-05-26 23:24:14', 474, 49, 7, 77),
(421, '2021-05-26 23:24:24', 493, 49, 7, 77),
(422, '2021-05-26 23:24:36', 471, 49, 7, 77),
(423, '2021-05-26 23:24:43', 472, 49, 7, 0),
(424, '2021-05-26 23:26:25', 472, 49, 7, 0),
(425, '2021-05-26 23:26:35', 475, 49, 7, 0),
(426, '2021-05-26 23:26:44', 2, 49, 7, 77),
(427, '2021-05-26 23:26:57', 473, 49, 7, 77),
(428, '2021-05-26 23:27:16', 474, 49, 7, 77),
(429, '2021-05-26 23:27:30', 2, 49, 7, 77),
(430, '2021-05-26 23:27:51', 475, 49, 7, 0),
(431, '2021-05-26 23:28:00', 472, 49, 7, 0),
(432, '2021-05-26 23:28:08', 474, 49, 7, 77),
(433, '2021-05-26 23:28:23', 498, 49, 7, 77),
(434, '2021-05-26 23:28:29', 498, 49, 7, 77),
(435, '2021-05-26 23:28:44', 472, 49, 7, 0),
(436, '2021-05-26 23:28:57', 472, 49, 7, 0),
(437, '2021-05-26 23:29:31', 472, 49, 7, 77),
(438, '2021-05-26 23:29:38', 472, 49, 7, 0),
(439, '2021-05-26 23:29:46', 475, 49, 7, 0),
(440, '2021-05-26 23:32:33', 475, 49, 7, 0),
(441, '2021-05-26 23:32:43', 472, 49, 7, 0),
(442, '2021-05-26 23:32:56', 472, 49, 7, 0),
(443, '2021-05-26 23:33:19', 472, 49, 7, 0),
(444, '2021-05-26 23:36:45', 472, 49, 7, 0),
(445, '2021-05-26 23:37:55', 472, 49, 7, 0),
(446, '2021-05-26 23:38:12', 475, 49, 7, 0),
(447, '2021-05-26 23:43:14', 475, 49, 7, 0),
(448, '2021-05-26 23:43:46', 472, 49, 7, 0),
(449, '2021-05-26 23:45:41', 475, 49, 7, 0),
(450, '2021-05-26 23:54:09', 475, 49, 7, 0),
(451, '2021-05-27 19:28:13', 472, 49, 7, 0),
(452, '2021-05-27 19:28:27', 475, 49, 7, 0),
(453, '2021-05-27 19:28:50', 471, 49, 7, 0),
(454, '2021-05-27 19:29:03', 475, 49, 7, 0),
(455, '2021-05-27 19:29:11', 471, 49, 7, 0),
(456, '2021-05-27 19:29:19', 472, 49, 7, 0),
(457, '2021-05-27 19:29:38', 472, 49, 7, 0),
(458, '2021-05-27 22:08:26', 472, 49, 7, 0),
(459, '2021-05-27 22:10:01', 475, 49, 7, 0),
(460, '2021-05-27 22:10:42', 475, 49, 7, 0),
(461, '2021-05-27 22:10:52', 472, 49, 7, 0),
(462, '2021-05-27 22:11:00', 475, 49, 7, 0),
(463, '2021-05-27 22:11:10', 471, 49, 7, 0),
(464, '2021-05-27 22:11:25', 471, 49, 7, 0),
(465, '2021-05-27 22:11:36', 472, 49, 7, 0),
(466, '2021-05-27 22:17:50', 472, 49, 7, 0),
(467, '2021-05-27 22:31:38', 472, 49, 7, 0),
(468, '2021-05-27 22:31:48', 475, 49, 7, 0),
(469, '2021-05-27 22:36:37', 471, 49, 7, 0),
(470, '2021-05-27 22:39:21', 471, 49, 7, 0),
(471, '2021-05-27 22:40:38', 472, 49, 7, 0),
(472, '2021-05-27 22:41:21', 472, 49, 7, 0),
(473, '2021-05-27 22:42:49', 474, 49, 7, 77),
(474, '2021-05-27 22:43:02', 475, 49, 7, 0),
(475, '2021-05-27 22:44:25', 498, 49, 7, 77),
(476, '2021-05-27 22:46:42', 475, 49, 7, 0),
(477, '2021-05-27 22:49:51', 475, 49, 7, 0),
(478, '2021-05-27 23:00:04', 472, 49, 7, 0),
(479, '2021-05-27 23:06:32', 475, 49, 7, 0),
(480, '2021-05-27 23:07:58', 472, 49, 7, 0),
(481, '2021-05-27 23:11:21', 471, 49, 7, 0),
(482, '2021-05-27 23:12:21', 471, 49, 7, 0),
(483, '2021-05-27 23:12:59', 471, 49, 7, 0),
(484, '2021-05-27 23:13:10', 472, 49, 7, 0),
(485, '2021-05-27 23:39:03', 475, 49, 7, 0),
(486, '2021-05-27 23:39:35', 472, 49, 7, 0),
(487, '2021-05-27 23:40:25', 472, 49, 7, 0),
(488, '2021-05-27 23:40:39', 475, 49, 7, 0),
(489, '2021-05-27 23:40:59', 475, 49, 7, 0),
(490, '2021-05-27 23:41:18', 475, 49, 7, 0),
(491, '2021-05-27 23:41:31', 472, 49, 7, 0),
(492, '2021-05-27 23:41:48', 471, 49, 7, 0),
(493, '2021-05-27 23:42:48', 471, 49, 7, 0),
(494, '2021-05-27 23:43:12', 472, 49, 7, 0),
(495, '2021-05-27 23:43:21', 475, 49, 7, 0),
(496, '2021-05-27 23:43:46', 475, 49, 7, 0),
(497, '2021-05-27 23:43:54', 472, 49, 7, 0),
(498, '2021-05-27 23:46:13', 471, 49, 7, 0),
(499, '2021-05-28 02:22:53', 472, 49, 7, 0),
(500, '2021-05-28 02:23:09', 472, 49, 7, 0),
(501, '2021-05-28 02:23:17', 475, 49, 7, 0),
(502, '2021-05-28 02:23:30', 471, 49, 7, 0),
(503, '2021-05-28 02:26:31', 475, 49, 7, 0),
(504, '2021-05-28 02:27:26', 472, 49, 7, 77),
(505, '2021-05-28 02:27:36', 493, 49, 7, 77),
(506, '2021-05-28 03:24:43', 497, 49, 7, 0),
(507, '2021-05-28 03:25:46', 471, 49, 7, 0),
(508, '2021-05-28 03:26:20', 471, 49, 7, 0),
(509, '2021-05-28 03:26:57', 471, 49, 7, 0),
(510, '2021-05-28 03:27:12', 497, 49, 7, 0),
(511, '2021-05-28 03:28:19', 497, 49, 7, 0),
(512, '2021-05-28 03:32:35', 497, 49, 7, 77),
(513, '2021-05-28 03:34:51', 497, 49, 7, 0),
(514, '2021-05-28 03:36:18', 497, 49, 7, 0),
(515, '2021-05-28 04:00:51', 497, 49, 7, 0),
(516, '2021-05-28 04:06:57', 497, 49, 7, 0),
(517, '2021-05-28 04:21:05', 472, 49, 7, 0),
(518, '2021-05-28 04:34:23', 472, 49, 7, 0),
(519, '2021-05-28 04:34:55', 475, 49, 7, 0),
(520, '2021-05-28 04:41:03', 472, 49, 7, 0),
(521, '2021-05-28 05:08:46', 472, 49, 7, 0),
(522, '2021-05-28 05:08:54', 475, 49, 7, 0),
(523, '2021-05-28 05:25:02', 475, 49, 7, 0),
(524, '2021-05-28 05:25:54', 475, 49, 7, 0),
(525, '2021-05-28 05:27:00', 475, 49, 7, 0),
(526, '2021-05-28 05:40:50', 475, 49, 7, 0),
(527, '2021-05-28 05:54:57', 472, 49, 7, 0),
(528, '2021-05-28 06:19:36', 472, 49, 7, 0),
(529, '2021-05-28 06:20:46', 473, 49, 7, 77),
(530, '2021-05-29 21:13:18', 471, 49, 7, 0),
(531, '2021-05-29 21:13:39', 471, 49, 7, 0),
(532, '2021-05-29 21:14:01', 475, 49, 7, 0),
(533, '2021-05-29 21:14:08', 472, 49, 7, 0),
(534, '2021-05-29 21:14:16', 475, 49, 7, 0),
(535, '2021-05-29 21:14:46', 471, 49, 7, 0),
(536, '2021-05-29 21:14:59', 475, 49, 7, 0),
(537, '2021-05-29 21:15:07', 472, 49, 7, 0),
(538, '2021-05-29 21:16:46', 472, 49, 7, 0),
(539, '2021-05-29 21:16:54', 472, 49, 7, 0),
(540, '2021-05-29 21:17:01', 475, 49, 7, 0),
(541, '2021-05-29 21:17:09', 472, 49, 7, 0),
(542, '2021-05-29 21:18:21', 475, 49, 7, 0),
(543, '2021-05-29 21:18:29', 472, 49, 7, 0),
(544, '2021-05-29 21:18:36', 471, 49, 7, 0),
(545, '2021-05-29 21:18:49', 472, 49, 7, 0),
(546, '2021-05-29 21:18:56', 475, 49, 7, 0),
(547, '2021-05-29 21:19:12', 472, 49, 7, 0),
(548, '2021-05-29 21:19:19', 475, 49, 7, 0),
(549, '2021-05-29 21:19:33', 472, 49, 7, 0),
(550, '2021-05-29 21:19:45', 471, 49, 7, 0),
(551, '2021-05-29 23:04:27', 475, 49, 7, 0),
(552, '2021-05-29 23:04:57', 475, 49, 7, 0),
(553, '2021-05-29 23:05:50', 474, 49, 7, 77),
(554, '2021-05-29 23:06:29', 477, 49, 7, 77),
(555, '2021-05-29 23:06:43', 493, 49, 7, 77),
(556, '2021-05-29 23:06:54', 500, 49, 7, 77),
(557, '2021-05-29 23:07:02', 471, 49, 7, 77),
(558, '2021-05-29 23:07:09', 3, 49, 7, 77),
(559, '2021-05-29 23:07:16', 493, 49, 7, 77),
(560, '2021-05-29 23:07:28', 498, 49, 7, 77),
(561, '2021-05-29 23:07:39', 472, 49, 7, 0),
(562, '2021-05-29 23:07:51', 472, 49, 7, 0),
(563, '2021-05-29 23:08:08', 472, 49, 7, 0),
(564, '2021-05-29 23:08:21', 472, 49, 7, 0),
(565, '2021-05-29 23:08:36', 472, 49, 7, 0),
(566, '2021-05-29 23:08:52', 2, 49, 7, 77),
(567, '2021-05-29 23:08:53', 472, 49, 7, 0),
(568, '2021-05-29 23:09:07', 477, 49, 7, 77),
(569, '2021-05-29 23:09:38', 471, 41, 7, 77),
(570, '2021-05-29 23:09:50', 471, 41, 7, 77),
(571, '2021-05-29 23:10:06', 472, 49, 7, 0),
(572, '2021-05-29 23:10:18', 475, 49, 7, 0),
(573, '2021-05-29 23:10:26', 475, 49, 7, 0),
(574, '2021-05-29 23:10:43', 472, 49, 7, 0),
(575, '2021-05-29 23:11:11', 472, 49, 7, 0),
(576, '2021-05-29 23:11:27', 472, 49, 7, 0),
(577, '2021-05-29 23:11:34', 472, 49, 7, 0),
(578, '2021-05-29 23:11:42', 472, 49, 7, 0),
(579, '2021-05-29 23:12:12', 475, 49, 7, 0),
(580, '2021-05-30 02:24:06', 472, 49, 7, 77),
(581, '2021-05-30 02:24:16', 473, 49, 7, 77),
(582, '2021-05-30 02:26:00', 493, 49, 7, 77),
(583, '2021-05-30 02:41:10', 500, 49, 7, 77),
(584, '2021-05-30 02:45:36', 477, 49, 7, 77),
(585, '2021-05-30 02:45:53', 493, 49, 7, 77),
(586, '2021-05-30 02:46:43', 475, 49, 7, 0),
(587, '2021-05-30 02:47:02', 472, 49, 7, 0),
(588, '2021-05-30 02:47:10', 475, 49, 7, 0),
(589, '2021-05-30 02:47:12', 498, 49, 7, 77),
(590, '2021-05-30 02:48:10', 471, 49, 7, 0),
(591, '2021-05-30 02:48:21', 472, 49, 7, 0),
(592, '2021-05-30 02:48:43', 475, 49, 7, 0),
(593, '2021-05-30 02:54:21', 475, 49, 7, 0),
(594, '2021-05-30 02:57:13', 475, 49, 7, 0);

-- --------------------------------------------------------

--
-- Estructura de tabla para la tabla `users`
--

CREATE TABLE `users` (
  `users_id` int(7) NOT NULL,
  `users_rol` int(1) NOT NULL,
  `users_monitor` int(1) NOT NULL,
  `users_idproperty` int(1) NOT NULL,
  `users_date` timestamp NOT NULL DEFAULT current_timestamp(),
  `users_foto` varchar(50) NOT NULL,
  `users_nombre` varchar(50) NOT NULL,
  `users_email` varchar(60) NOT NULL,
  `users_password` varchar(60) NOT NULL
) ENGINE=InnoDB DEFAULT CHARSET=utf8;

--
-- Volcado de datos para la tabla `users`
--

INSERT INTO `users` (`users_id`, `users_rol`, `users_monitor`, `users_idproperty`, `users_date`, `users_foto`, `users_nombre`, `users_email`, `users_password`) VALUES
(7, 1, 0, 0, '2019-06-11 00:08:43', 'fotos/xd', 'Diego Andres Estrada', 'admin@a.com', '48058e0c99bf7d689ce71c360699a14ce2f99774'),
(77, 2, 1, 7, '2021-03-22 03:30:29', '../archivos/7/77/estoy_bailando.jpg', 'Naia Cristina Estrada', 'nai@nai', 'aeaad8c0657f26eccc95b4b64e3d90616a6e7bd6'),
(79, 2, 1, 7, '2021-03-26 16:52:36', '../archivos/ImgGenerica.jpg', 'Andresito', 'revi.word@gmail.com', '73e6f6cb46dd4242db434cc2ec86edefdb57966d'),
(81, 2, 1, 7, '2021-03-29 17:51:39', '../archivos/ImgGenerica.jpg', 'Ana Fer', 'anafda26@hotmail.com', '93ec71b22793a81569c94ca17e4d9c293d8e201f'),
(82, 2, 1, 7, '2021-04-16 00:08:00', '../archivos/foto fer.png', 'Justino Estrada Badillo', 'Jestrada@gmail.co', '1b6f9acd18d207bcd851292901809f000957d0c5'),
(87, 2, 1, 7, '2021-04-20 20:46:30', '../archivos/Captura de pantalla (1).png', 'pedro', 'diego@yopmail.com', 'e38a7bf07025f928750ddc955725f513df9acf42'),
(88, 2, 1, 7, '2021-04-20 23:53:02', '../archivos/Regala vida (2).png', 'Didier Navarro', 'didi@hola.com', '01b307acba4f54f55aafc33bb06bbbf6ca803e9a'),
(89, 2, 1, 7, '2021-05-01 17:22:22', '../archivos/bebe_gateando.jpg', 'Didier Sumavale', 'Didier@upc.com', '98ce6e4b4afbdc94d178794f92a7e2d00d311daf'),
(90, 2, 1, 7, '2021-05-01 17:25:32', '../archivos/estoy_bailando.jpg', 'Lucenit Payares', 'Lupacha@lu.com', '900bac9f13ceef619b0b3779b0ac185caaf9bdb3'),
(92, 2, 1, 7, '2021-05-11 03:48:02', '../archivos/ImgGenerica.jpg', 'franco', 'franco@franco', '48058e0c99bf7d689ce71c360699a14ce2f99774'),
(93, 2, 1, 7, '2021-05-16 20:26:47', '../archivos/ImgGenerica.jpg', 'Karina', 'kaley@ka.com', '31abb1b8893a39550a2e7ac5bafa5c673fa485a2'),
(94, 2, 1, 7, '2021-05-16 20:33:29', '../archivos/7/94/bebe_gateando.jpg', 'Jorge', 'jorge@kay.com', '33f927344e079e00d3fa45d8833b04e735223eec'),
(95, 2, 1, 7, '2021-05-16 20:34:38', '../archivos/7/95/remando.jpg', 'Wilfran', 'wili@mk.com', '7c4a8d09ca3762af61e59520943dc26494f8941b'),
(97, 2, 1, 7, '2021-05-25 19:47:34', '../archivos/7/97/bebe_gateando.jpg', 'Fer Franco Gamez', 'daestrada@unicesar.edu.co', '48058e0c99bf7d689ce71c360699a14ce2f99774'),
(100, 2, 1, 7, '2021-05-29 14:00:52', '../archivos/7/100/a.jpg', 'marina', 'gamez@m', '3da541559918a808c2402bba5012f6c60b27661c'),
(102, 2, 1, 7, '2021-05-29 14:19:22', '../archivos/7/102/Vista_de_Guapotá.jpg', 'a', 'a@aaa', '70c881d4a26984ddce795f6f71817c9cf4480e79'),
(103, 2, 1, 7, '2021-05-30 03:03:59', '../archivos/7/103/IMG_20210528_173640.jpg', 'prueba', 'pr@pru.com', '7110eda4d09e062aa5e4a390b0a572ac0d2c0220'),
(104, 2, 1, 7, '2021-05-30 03:07:09', '../archivos/7/104/IMG_20210528_165409.jpg', 'j', 'anafda26@hotmail.comm', '8aed1322e5450badb078e1fb60a817a1df25a2ca'),
(105, 2, 1, 7, '2021-05-30 03:08:12', '../archivos/7/105/Vista_de_Guapotá.jpg', 'hg', 'k@h', '06e80210c4d05684c666906d9e2ea73355087d0b');

-- --------------------------------------------------------

--
-- Estructura para la vista `ClientesConTargetasActiva`
--
DROP TABLE IF EXISTS `ClientesConTargetasActiva`;

CREATE ALGORITHM=UNDEFINED DEFINER=`Diego_siconac`@`%` SQL SECURITY DEFINER VIEW `ClientesConTargetasActiva`  AS SELECT `clientes`.`client_id` AS `client_id`, `clientes`.`client_name` AS `client_name`, `cards`.`cards_number` AS `cards_number`, `clientes`.`client_card_id` AS `client_card_id`, `cards`.`cards_assigned` AS `cards_assigned`, `clientes`.`client_status` AS `client_status`, `cards`.`cards_id_admi_property` AS `cards_id_admi_property` FROM (`cards` join `clientes`) WHERE `cards`.`cards_id` = `clientes`.`client_card_id` ;

-- --------------------------------------------------------

--
-- Estructura para la vista `datos_traffico`
--
DROP TABLE IF EXISTS `datos_traffico`;

CREATE ALGORITHM=UNDEFINED DEFINER=`Diego_siconac`@`%` SQL SECURITY DEFINER VIEW `datos_traffico`  AS SELECT `traffic`.`traffic_date` AS `traffic_date`, `devices`.`devices_id` AS `devices_id`, `devices`.`devices_alias` AS `devices_alias`, `clientes`.`client_id` AS `client_id`, `clientes`.`client_name` AS `client_name`, `clientes`.`client_identificacion` AS `client_identificacion`, `traffic`.`traffic_devices_user_id` AS `traffic_devices_user_id`, `traffic`.`traffic_responsable` AS `traffic_responsable` FROM ((`devices` join `traffic`) join `clientes`) WHERE `devices`.`devices_id` = `traffic`.`traffic_devices_id` AND `clientes`.`client_id` = `traffic`.`traffic_client_id` ;

-- --------------------------------------------------------

--
-- Estructura para la vista `InfoChat`
--
DROP TABLE IF EXISTS `InfoChat`;

CREATE ALGORITHM=UNDEFINED DEFINER=`Diego_siconac`@`%` SQL SECURITY DEFINER VIEW `InfoChat`  AS SELECT `chat`.`chat_id_remitente` AS `chat_id_remitente`, `users`.`users_nombre` AS `users_nombre`, `chat`.`chat_id_receptor` AS `chat_id_receptor`, `users_1`.`users_nombre` AS `Expr_1`, `chat`.`chat_id_mensaje` AS `chat_id_mensaje`, `chat`.`chat_asunto` AS `chat_asunto`, `chat`.`chat_cuerpomensaje` AS `chat_cuerpomensaje`, `chat`.`chat_horaenvio` AS `chat_horaenvio`, `chat`.`chat_tag` AS `chat_tag`, `chat`.`chat_leido` AS `chat_leido` FROM ((`users` join `chat`) join `users` `users_1`) WHERE `chat`.`chat_id_remitente` = `users_1`.`users_id` AND `chat`.`chat_id_receptor` = `users`.`users_id` ;

-- --------------------------------------------------------

--
-- Estructura para la vista `PortalesDelMonitor`
--
DROP TABLE IF EXISTS `PortalesDelMonitor`;

CREATE ALGORITHM=UNDEFINED DEFINER=`Diego_siconac`@`%` SQL SECURITY DEFINER VIEW `PortalesDelMonitor`  AS SELECT `users`.`users_nombre` AS `users_nombre`, `devices`.`devices_alias` AS `devices_alias`, `devices`.`devices_serie` AS `devices_serie`, `devices`.`devices_id` AS `devices_id`, `users`.`users_email` AS `users_email`, `users`.`users_foto` AS `users_foto`, `users`.`users_idproperty` AS `users_idproperty`, `users`.`users_id` AS `users_id` FROM ((`r_monitors_portals` join `users`) join `devices`) WHERE `devices`.`devices_id` = `r_monitors_portals`.`mp_id_portal` AND `r_monitors_portals`.`mp_id_monitors` = `users`.`users_id` ;

--
-- Índices para tablas volcadas
--

--
-- Indices de la tabla `cards`
--
ALTER TABLE `cards`
  ADD PRIMARY KEY (`cards_id`);

--
-- Indices de la tabla `chat`
--
ALTER TABLE `chat`
  ADD PRIMARY KEY (`chat_id_mensaje`);

--
-- Indices de la tabla `clientes`
--
ALTER TABLE `clientes`
  ADD PRIMARY KEY (`client_id`);

--
-- Indices de la tabla `Datos_Institucionales`
--
ALTER TABLE `Datos_Institucionales`
  ADD PRIMARY KEY (`id`);

--
-- Indices de la tabla `devices`
--
ALTER TABLE `devices`
  ADD PRIMARY KEY (`devices_id`);

--
-- Indices de la tabla `mqtt_acl`
--
ALTER TABLE `mqtt_acl`
  ADD PRIMARY KEY (`id`);

--
-- Indices de la tabla `mqtt_user`
--
ALTER TABLE `mqtt_user`
  ADD PRIMARY KEY (`id`),
  ADD UNIQUE KEY `mqtt_username` (`username`);

--
-- Indices de la tabla `r_monitors_portals`
--
ALTER TABLE `r_monitors_portals`
  ADD PRIMARY KEY (`mp_id_mp`);

--
-- Indices de la tabla `traffic`
--
ALTER TABLE `traffic`
  ADD PRIMARY KEY (`traffic_id`);

--
-- Indices de la tabla `users`
--
ALTER TABLE `users`
  ADD PRIMARY KEY (`users_id`);

--
-- AUTO_INCREMENT de las tablas volcadas
--

--
-- AUTO_INCREMENT de la tabla `cards`
--
ALTER TABLE `cards`
  MODIFY `cards_id` int(7) NOT NULL AUTO_INCREMENT, AUTO_INCREMENT=57;

--
-- AUTO_INCREMENT de la tabla `chat`
--
ALTER TABLE `chat`
  MODIFY `chat_id_mensaje` int(10) NOT NULL AUTO_INCREMENT, AUTO_INCREMENT=58;

--
-- AUTO_INCREMENT de la tabla `clientes`
--
ALTER TABLE `clientes`
  MODIFY `client_id` int(7) NOT NULL AUTO_INCREMENT, AUTO_INCREMENT=501;

--
-- AUTO_INCREMENT de la tabla `Datos_Institucionales`
--
ALTER TABLE `Datos_Institucionales`
  MODIFY `id` int(10) NOT NULL AUTO_INCREMENT, AUTO_INCREMENT=2;

--
-- AUTO_INCREMENT de la tabla `devices`
--
ALTER TABLE `devices`
  MODIFY `devices_id` int(7) UNSIGNED NOT NULL AUTO_INCREMENT, AUTO_INCREMENT=56;

--
-- AUTO_INCREMENT de la tabla `mqtt_acl`
--
ALTER TABLE `mqtt_acl`
  MODIFY `id` int(11) UNSIGNED NOT NULL AUTO_INCREMENT, AUTO_INCREMENT=5;

--
-- AUTO_INCREMENT de la tabla `mqtt_user`
--
ALTER TABLE `mqtt_user`
  MODIFY `id` int(11) UNSIGNED NOT NULL AUTO_INCREMENT, AUTO_INCREMENT=3;

--
-- AUTO_INCREMENT de la tabla `r_monitors_portals`
--
ALTER TABLE `r_monitors_portals`
  MODIFY `mp_id_mp` int(10) NOT NULL AUTO_INCREMENT, AUTO_INCREMENT=140;

--
-- AUTO_INCREMENT de la tabla `traffic`
--
ALTER TABLE `traffic`
  MODIFY `traffic_id` int(7) NOT NULL AUTO_INCREMENT, AUTO_INCREMENT=595;

--
-- AUTO_INCREMENT de la tabla `users`
--
ALTER TABLE `users`
  MODIFY `users_id` int(7) NOT NULL AUTO_INCREMENT, AUTO_INCREMENT=106;
COMMIT;

/*!40101 SET CHARACTER_SET_CLIENT=@OLD_CHARACTER_SET_CLIENT */;
/*!40101 SET CHARACTER_SET_RESULTS=@OLD_CHARACTER_SET_RESULTS */;
/*!40101 SET COLLATION_CONNECTION=@OLD_COLLATION_CONNECTION */;
